doc,h
PV1982-01-05,h2
PV1982-01-05,h2
PV1982-01-05,h2
PV1982-01-05,h2
PV1982-01-05,h2
PV1982-01-05,h2
PV1982-02-18-23,h2
PV1982-02-18-23,h2
PV1982-02-18-23,h2
PV1982-02-18-23,h2
PV1982-02-18-23,h2
PV1982-02-18-23,h2
PV1982-02-18-23,h3
PV1982-02-18-23,h3
PV1982-02-18-23,h3
PV1982-02-18-23,h3
PV1982-02-18-23,h3
PV1982-02-18-23,h3
PV1982-02-18-23,h3
PV1982-02-18-23,h3
PV1982-02-18-23,h2
PV1982-02-18-23,h2
PV1982-02-18-23,h2
PV1982-02-18-23,h2
PV1982-02-18-23,h2
PV1982-02-18-23,h2
PV1982-02-18-23,h05
PV1982-02-18-23,h1
PV1982-02-18-23,h1
PV1982-02-18-23,h1
PV1982-02-18-23,h1
PV1982-06-28,h2
PV1982-06-28,h2
PV1982-06-28,h2
PV1982-06-28,h2
PV1982-07-27,h2
PV1982-07-27,h2
PV1982-07-27,h2
PV1982-07-27,h2
PV1982-07-30,h2
PV1982-07-30,h2
PV1982-07-30,h2
PV1982-07-30,h2
PV1982-07-30,h3
PV1982-07-30,h3
PV1982-07-30,h4
PV1982-07-30,h4
PV1982-07-30,h4
PV1982-07-30,h4
PV1982-07-30,h3
PV1982-07-30,h3
PV1982-07-30,h4
PV1982-07-30,h4
PV1982-07-30,h4
PV1982-07-30,h4
PV1982-07-30,h3
PV1982-07-30,h3
PV1982-10-22,h2
PV1982-10-22,h2
PV1982-10-22,h2
PV1982-10-22,h2
PV1982-10-22,h2
PV1982-10-22,h2
PV1982-11-10,h2
PV1982-11-10,h2
PV1982-11-10,h2
PV1982-11-10,h2
PV1982-11-18,h2
PV1982-11-18,h2
PV1982-12-29,h2
PV1982-12-29,h2
PV1982-12-29,h2
PV1982-12-29,h2
PV1982-12-29,h2
PV1982-12-29,h2
PV1982-12-29,h2
PV1982-12-29,h2
PV1982-12-29,h2
PV1982-12-29,h2
PV1982-12-29,h2
PV1982-12-29,h2
